{
  "majority_dev": {
    "accuracy": 0.5202492211838006,
    "macro_f1": 0.3422131147540984
  },
  "majority_test": {
    "accuracy": 0.5666406858924395,
    "macro_f1": 0.3616915422885572
  },
  "svm_dev": {
    "accuracy": 0.6121495327102804,
    "macro_f1": 0.6072091994692614
  },
  "svm_test": {
    "accuracy": 0.627435697583788,
    "macro_f1": 0.6126090274198275
  },
  "svm_confusion_test": [
    [
      277,
      279
    ],
    [
      199,
      528
    ]
  ]
}